observed_at,campaign_id,platform,content_id,url,format,published_at,organic_or_paid,impressions,views,watch_time_hours,average_view_duration_seconds,average_percentage_viewed,click_through_rate_pct,likes,comments,shares,saves,subscribers_or_follows_gained,traffic_source_notes,notes
2026-07-15T15:35:29-04:00,ambient-seasons-001,YouTube,wnSPzx93-UU,https://youtu.be/wnSPzx93-UU,long-form,2026-07-15T15:33:00-04:00,organic,,0,,,,,0,1,,,,,"Launch baseline; public page verified at 26:20 with approved packaging. HD processing and copyright scan still running. Launch comment posted but not pinned because YouTube advanced-features verification is required."
2026-07-16T11:40:22-04:00,ambient-seasons-001,YouTube,wnSPzx93-UU,https://youtu.be/wnSPzx93-UU,long-form,2026-07-15T15:33:00-04:00,organic,22,6,0.9,541,,22.7,0,1,,,,"Browse features 33.3%; YouTube search 33.3%; channel pages 16.7%; external 16.7%. Impressions funnel (17 processed impressions): 17.7% CTR, 3 views, 17:35 average view duration, 0.88 watch hours. Device watch time: TV 97.5%, computer 2.4%, mobile 0.1%.","24-hour snapshot. Direct video analytics reported 6 realtime/lifetime views, 9:01 average view duration, and no retention curve yet. Channel overview's processed subset reported 4 views, 13:25 average view duration, and 51.0% viewed; retained here as a processing-lag note rather than replacing direct video metrics. Likes 0; the one comment is Verse Studio's launch comment."
2026-07-16T11:40:22-04:00,ambient-seasons-001,YouTube,G40Zqib4exI,https://www.youtube.com/shorts/G40Zqib4exI,short-form,,organic,,9,0.1,126,504.3,,0,0,,,,"Shorts feed 55.6%; channel pages 22.2%; other YouTube features 22.2%; search 0%.","24-hour snapshot. 4 engaged views; 100% stayed to watch and 0% swiped away in the available small sample. Average view duration 2:06 on a 24-second Short indicates repeat viewing/looping. Audience-retention curve not yet processed; no subscriber change shown."
2026-07-16T11:40:22-04:00,ambient-seasons-001,Instagram,Da0_55tBs3r,https://www.instagram.com/verse.videos/reel/Da0_55tBs3r/,short-form,,organic,,109,,,,,3,0,0,2,0,,"24-hour snapshot. Reached 98 accounts; 100% of views and interactions came from non-followers. 5 interactions from 3 engaged accounts. Profile activity 0 and follows 0. Watch/retention and link-click metrics were not exposed in the desktop Reel insights panel."
2026-07-16T11:40:22-04:00,ambient-seasons-001,TikTok,7662865678336150802,https://www.tiktok.com/@verse_vids/video/7662865678336150802,short-form,2026-07-15T17:12:00-04:00,organic,,96,,,,,4,0,0,,,"TikTok Studio 7-day account traffic source: For You 100%; Following/Profile/Search/Sound 0%.","24-hour snapshot. Post list reported 96 views, 4 likes, and 0 comments. TikTok Studio's 7-day account overview reported 148 video views, 0 profile views, 4 likes, 0 comments, and 0 shares; post-level retention, saves, follows, and clicks were not exposed."
2026-07-16T11:40:22-04:00,ambient-seasons-001,X,2077496794011877591,https://x.com/verse_vids/status/2077496794011877591,short-form,2026-07-15T16:53:00-04:00,organic,,25,,,,,1,0,2,0,,,"24-hour snapshot. Public post showed 25 video views, 2 reposts, 1 like, 0 replies, and 0 bookmarks. Link clicks and deeper post analytics were unavailable without X Premium."
2026-07-17T11:38:12-04:00,ambient-seasons-001,YouTube,wnSPzx93-UU,https://youtu.be/wnSPzx93-UU,long-form,2026-07-15T15:33:00-04:00,organic,,6,0.9,,,,0,1,,,,Browse features 33.3%; YouTube search 33.3%; channel pages 16.7%; external 16.7%.,"Later 24-hour checkpoint observation. Totals were unchanged from the 2026-07-16 snapshot: 6 views, 0.9 watch hours, no subscriber change, and no processed audience-retention report. Realtime also showed 6 views in the last 48 hours; the sole comment remains Verse Studio's launch comment."
2026-07-17T11:38:12-04:00,ambient-seasons-001,YouTube,G40Zqib4exI,https://www.youtube.com/shorts/G40Zqib4exI,short-form,2026-07-15,organic,,9,,,,,,0,,,,Shorts feed 55.6%; channel pages 22.2%; other YouTube features 22.2%; YouTube search 0%.,"Later checkpoint observation. View total remained 9, with no subscriber change and no processed audience-retention report."
2026-07-17T11:38:12-04:00,ambient-seasons-001,YouTube,rm_ATRZYTGw,https://www.youtube.com/shorts/rm_ATRZYTGw,short-form,2026-07-16,organic,,3,,,,,,0,,,,YouTube search 100%; Shorts feed 0%; other YouTube features 0%.,"First recorded snapshot for the day-two green-hillside Short. It had 3 views, no subscriber change, and no processed audience-retention report."
2026-07-17T11:38:12-04:00,ambient-seasons-001,Instagram,Da0_55tBs3r,https://www.instagram.com/verse.videos/reel/Da0_55tBs3r/,short-form,2026-07-15,organic,,,,,,,3,0,,,,,"Later checkpoint observation. Public Reel showed 3 likes and no comments. Current views, reach, retention, saves, profile activity, follows, and clicks were not exposed in the authenticated desktop view."
2026-07-17T11:38:12-04:00,ambient-seasons-001,Instagram,Da3C-jiBmo_,https://www.instagram.com/verse.videos/reel/Da3C-jiBmo_/,short-form,2026-07-16,organic,,,,,,,3,0,,,,,"First recorded snapshot for the day-two autumn-village Reel. Public Reel showed 3 likes and no comments. Views, reach, retention, saves, profile activity, follows, and clicks were not exposed in the authenticated desktop view."
2026-07-17T11:38:12-04:00,ambient-seasons-001,TikTok,7662865678336150802,https://www.tiktok.com/@verse_vids/video/7662865678336150802,short-form,2026-07-15T17:12:00-04:00,organic,,,,,,,,0,0,,,,"Authenticated post page loaded, but current view, like, retention, favorite, profile, follow, and click totals were not exposed in the desktop DOM. No comments or shares were visible."
2026-07-17T11:38:12-04:00,ambient-seasons-001,TikTok,7663160747505077512,https://www.tiktok.com/@verse_vids/video/7663160747505077512,short-form,2026-07-16,organic,,,,,,,,,,,,,"First recorded snapshot for the day-two autumn-village TikTok. The authenticated post page loaded, but post-level performance fields were not exposed in the desktop DOM."
2026-07-17T11:38:12-04:00,ambient-seasons-001,X,2077496794011877591,https://x.com/verse_vids/status/2077496794011877591,short-form,2026-07-15T16:53:00-04:00,organic,,,,,,,,,,,,,"Later checkpoint attempted; the post remained in a loading state, so no newer total replaces the earlier 25-view observation."
2026-07-17T11:38:12-04:00,ambient-seasons-001,X,2077788569079365769,https://x.com/verse_vids/status/2077788569079365769,short-form,2026-07-16T12:12:00-04:00,organic,,8,,,,,2,0,1,0,,,"First recorded snapshot for the day-two autumn-village post. Public post showed 8 views, 1 repost, 2 likes, 0 replies, and 0 bookmarks; deeper link-click analytics were unavailable."
2026-07-18T11:38:15-04:00,ambient-seasons-001,YouTube,wnSPzx93-UU,https://youtu.be/wnSPzx93-UU,long-form,2026-07-15T15:33:00-04:00,organic,49,7,0.9,466,,12.2,0,1,,,,"Realtime: 1 view in the last 48 hours, from YouTube search; 3 unique viewers lifetime.","Later 24-hour checkpoint observation, roughly 68 hours after publication. Impressions increased from 22 to 49 and views from 6 to 7; watch time remained 0.9 hours. Average view duration was 7:46. No subscriber gain was shown. Audience-retention detail was not exposed in the visible Studio summary."
2026-07-18T11:38:15-04:00,ambient-seasons-001,Instagram,Da0_55tBs3r,https://www.instagram.com/verse.videos/reel/Da0_55tBs3r/,short-form,2026-07-15,organic,,109,,,,,3,0,0,2,0,"100% of views and interactions from non-followers.","Authenticated Reel insights were unchanged: 98 accounts reached, 5 interactions from 3 engaged accounts, 3 likes, 2 saves, 0 comments, 0 shares, 0 profile activity, and 0 follows. Watch/retention and click metrics were not exposed."
2026-07-18T11:38:15-04:00,ambient-seasons-001,X,2077496794011877591,https://x.com/verse_vids/status/2077496794011877591,short-form,2026-07-15T16:53:00-04:00,organic,,27,,,,,1,0,2,0,,,"Authenticated public post showed 27 video views, 2 reposts, 1 like, 0 replies, and 0 bookmarks. Deeper analytics and link clicks remained unavailable without X Premium."
2026-07-18T11:38:15-04:00,ambient-seasons-001,YouTube,G40Zqib4exI,https://www.youtube.com/shorts/G40Zqib4exI,short-form,2026-07-15,organic,,9,0.1,126,504.3,,0,0,,,,"Shorts feed 55.6%; channel pages 22.2%; other YouTube features 22.2%; YouTube search 0% in the latest processed source breakdown.","Later checkpoint observation. Totals remained 9 views, 4 engaged views, 2:06 average view duration, 504.3% average viewed, 100% stayed to watch, 0 likes, and no subscriber gain. No retention curve was available and realtime showed 0 views in the prior 48 hours."
2026-07-18T11:38:15-04:00,ambient-seasons-001,YouTube,rm_ATRZYTGw,https://www.youtube.com/shorts/rm_ATRZYTGw,short-form,2026-07-16,organic,,4,,12,50.9,,0,0,,,,YouTube search 100%; Shorts feed 0% in realtime.,"Later checkpoint observation. Views rose from 3 to 4. The processed channel report showed 0:12 average view duration and 50.9% average viewed; latest-content analytics showed 0 likes and no subscriber gain. Audience-retention detail was still processing."
2026-07-19T11:37:31-04:00,ambient-seasons-001,YouTube,wnSPzx93-UU,https://youtu.be/wnSPzx93-UU,long-form,2026-07-15T15:33:00-04:00,organic,55,7,0.9,466,,10.9,0,1,,,,"YouTube search 42.9%; Browse features 28.6%; channel pages 14.3%; external 14.3%. Impressions funnel: 54 processed impressions, 11.1% CTR, 6 views, 8:54 average view duration, and 0.89 watch hours.","Roughly 92-hour snapshot and about 18 hours after the snowy sequence. Totals remained 7 views and 0.9 watch hours with 7:46 average view duration, 3 unique viewers, no subscriber gain, no audience-retention report, and 0% end-screen click rate. Realtime showed 1 YouTube Search view in the prior 48 hours."
2026-07-19T11:37:31-04:00,ambient-seasons-001,YouTube,G40Zqib4exI,https://www.youtube.com/shorts/G40Zqib4exI,short-form,2026-07-15,organic,,9,,,,,,0,,,,,"Later checkpoint observation. The autumn Short remained at 9 views, no subscriber gain, no processed retention report, and 0 realtime views in the prior 48 hours."
2026-07-19T11:37:31-04:00,ambient-seasons-001,YouTube,rm_ATRZYTGw,https://www.youtube.com/shorts/rm_ATRZYTGw,short-form,2026-07-16,organic,,4,,,,,,0,,,,YouTube search 100%; Shorts feed 0% in realtime.,"Later checkpoint observation. The summer Short remained at 4 views with no subscriber gain or processed retention report; it had 1 realtime Search view and no Shorts-feed traffic in the prior 48 hours."
2026-07-19T11:37:31-04:00,ambient-seasons-001,Instagram,Da8x74gCXO7,https://www.instagram.com/verse.videos/reel/Da8x74gCXO7/,short-form,2026-07-18T17:41:00-04:00,organic,,113,,,,,3,0,0,1,0,,"First matched-age snapshot about 18 hours after publication. Reached 101 accounts; 100% of views came from non-followers. Four interactions from four engaged accounts: 3 likes, 1 save, 0 comments, and 0 shares. Profile activity and follows were both 0; watch/retention and click metrics were not exposed."
2026-07-19T11:37:31-04:00,ambient-seasons-001,TikTok,7662867180295376146,https://www.tiktok.com/@verse_vids/video/7662867180295376146,short-form,2026-07-18T17:35:00-04:00,organic,,0,,,,,0,0,0,0,,,"First matched-age snapshot about 18 hours after publication. TikTok Studio showed 0 views, 0 likes, and 0 comments; the public post showed 0 favorites and 0 shares. The creator AI label and Everyone visibility were verified. Retention, profile activity, follows, and clicks were not exposed."
2026-07-19T11:37:31-04:00,ambient-seasons-001,TikTok,7663160747505077512,https://www.tiktok.com/@verse_vids/video/7663160747505077512,short-form,2026-07-16T12:17:00-04:00,organic,,95,,,,,1,0,,,,,"TikTok Studio current post-list snapshot. The autumn post showed 95 views, 1 like, and 0 comments; retention, favorites, shares, profile activity, follows, and clicks were not exposed."
2026-07-19T11:37:31-04:00,ambient-seasons-001,TikTok,7662865678336150802,https://www.tiktok.com/@verse_vids/video/7662865678336150802,short-form,2026-07-15T17:12:00-04:00,organic,,96,,,,,4,0,,,,,"TikTok Studio current post-list snapshot. The launch post remained at 96 views, 4 likes, and 0 comments; retention, favorites, shares, profile activity, follows, and clicks were not exposed."
2026-07-19T11:37:31-04:00,ambient-seasons-001,X,2078586859534557501,https://x.com/verse_vids/status/2078586859534557501,short-form,2026-07-18T17:05:00-04:00,organic,,3,,,,,0,0,0,0,,,"First matched-age snapshot about 18 hours after publication. Public post showed 3 video views, 0 replies, 0 reposts, 0 likes, and 0 bookmarks. Link clicks and deeper analytics remained unavailable without X Premium."
2026-07-19T11:37:31-04:00,ambient-seasons-001,X,2077788569079365769,https://x.com/verse_vids/status/2077788569079365769,short-form,2026-07-16T12:12:00-04:00,organic,,11,,,,,2,0,1,0,,,"Current public snapshot. The autumn post rose from 8 to 11 views and remained at 1 repost, 2 likes, 0 replies, and 0 bookmarks; deeper analytics and link clicks were unavailable."
2026-07-19T11:37:31-04:00,ambient-seasons-001,X,2077496794011877591,https://x.com/verse_vids/status/2077496794011877591,short-form,2026-07-15T16:53:00-04:00,organic,,28,,,,,1,0,2,0,,,"Current public snapshot. The launch post rose from 27 to 28 views and remained at 2 reposts, 1 like, 0 replies, and 0 bookmarks; deeper analytics and link clicks were unavailable."
2026-07-20T11:39:39-04:00,ambient-seasons-001,YouTube,wnSPzx93-UU,https://youtu.be/wnSPzx93-UU,long-form,2026-07-15T15:33:00-04:00,organic,57,7,0.9,466,,10.5,0,1,,,0,"YouTube search 42.9%; Browse features 28.6%; channel pages 14.3%; external 14.3%. Impressions funnel: 55 processed impressions, 10.9% CTR, 6 views, 8:54 average view duration, and 0.89 watch hours.","Roughly 116-hour snapshot. Totals remained 7 views and 0.9 watch hours with 7:46 average view duration; unique viewers increased from 3 to 5. No subscriber gain, no audience-retention report, 0% end-screen click rate, and 0 realtime views in the prior 48 hours."
2026-07-20T11:39:39-04:00,ambient-seasons-001,YouTube,G40Zqib4exI,https://www.youtube.com/shorts/G40Zqib4exI,short-form,2026-07-15,organic,,9,,,,,,0,,,,,"Later checkpoint observation. The autumn Short remained at 9 views with no subscriber gain, no processed retention report, and 0 realtime views in the prior 48 hours."
2026-07-20T11:39:39-04:00,ambient-seasons-001,YouTube,rm_ATRZYTGw,https://www.youtube.com/shorts/rm_ATRZYTGw,short-form,2026-07-16,organic,,5,,,,,,0,,,,"YouTube search 100%; Shorts feed 0% in realtime.","Later checkpoint observation. The summer Short rose from 4 to 5 views, with 1 realtime Search view, no Shorts-feed traffic, no subscriber gain, and no processed retention report."
2026-07-20T11:39:39-04:00,ambient-seasons-001,Instagram,Da3C-jiBmo_,https://www.instagram.com/verse.videos/reel/Da3C-jiBmo_/,short-form,2026-07-16,organic,,111,,,,,3,0,0,0,0,"100% of views from non-followers.","Authenticated Reel insights: 101 accounts reached, 3 interactions and 3 engaged accounts, 3 likes, 0 comments, 0 saves, 0 shares, 0 profile activity, and 0 follows. Watch/retention and click metrics were not exposed."
2026-07-20T11:39:39-04:00,ambient-seasons-001,Instagram,Da8x74gCXO7,https://www.instagram.com/verse.videos/reel/Da8x74gCXO7/,short-form,2026-07-18T17:41:00-04:00,organic,,114,,,,,3,0,0,1,0,"100% of views from non-followers.","Matched-age follow-up. Reached 102 accounts; four interactions from four engaged accounts: 3 likes, 1 save, 0 comments, and 0 shares. Profile activity and follows remained 0; watch/retention and click metrics were not exposed."
2026-07-20T11:39:39-04:00,ambient-seasons-001,TikTok,7662865678336150802,https://www.tiktok.com/@verse_vids/video/7662865678336150802,short-form,2026-07-15T17:12:00-04:00,organic,,96,,,,,4,0,,,,,"TikTok Studio current post-list snapshot. The launch post remained at 96 views, 4 likes, and 0 comments; retention, favorites, shares, profile activity, follows, and clicks were not exposed."
2026-07-20T11:39:39-04:00,ambient-seasons-001,TikTok,7663160747505077512,https://www.tiktok.com/@verse_vids/video/7663160747505077512,short-form,2026-07-16T12:17:00-04:00,organic,,95,,,,,1,0,0,1,,,"TikTok Studio and authenticated public-post snapshot. The autumn post remained at 95 views, 1 like, and 0 comments; the public page showed 1 favorite and 0 shares. Retention, profile activity, follows, and clicks were not exposed."
2026-07-20T11:39:39-04:00,ambient-seasons-001,TikTok,7662867180295376146,https://www.tiktok.com/@verse_vids/video/7662867180295376146,short-form,2026-07-18T17:35:00-04:00,organic,,0,,,,,0,0,0,0,,,"TikTok Studio still showed 0 views, 0 likes, and 0 comments roughly 42 hours after publication; the public post showed 0 favorites and 0 shares. This strengthens the delivery-anomaly interpretation. Retention, profile activity, follows, and clicks were not exposed."
2026-07-20T11:39:39-04:00,ambient-seasons-001,X,2077496794011877591,https://x.com/verse_vids/status/2077496794011877591,short-form,2026-07-15T16:53:00-04:00,organic,,28,,,,,1,0,2,0,,,"Current public snapshot unchanged at 28 views, 2 reposts, 1 like, 0 replies, and 0 bookmarks. Link clicks and deeper analytics remained unavailable without X Premium."
2026-07-20T11:39:39-04:00,ambient-seasons-001,X,2077788569079365769,https://x.com/verse_vids/status/2077788569079365769,short-form,2026-07-16T12:12:00-04:00,organic,,12,,,,,2,0,1,0,,,"Current public snapshot. The autumn post rose from 11 to 12 views and remained at 1 repost, 2 likes, 0 replies, and 0 bookmarks. Link clicks and deeper analytics remained unavailable."
2026-07-20T11:39:39-04:00,ambient-seasons-001,X,2078586859534557501,https://x.com/verse_vids/status/2078586859534557501,short-form,2026-07-18T17:05:00-04:00,organic,,4,,,,,0,0,0,0,,,"Matched-age follow-up. The snowy post rose from 3 to 4 views with 0 replies, 0 reposts, 0 likes, and 0 bookmarks. Link clicks and deeper analytics remained unavailable."
2026-07-21T11:40:44-04:00,ambient-seasons-001,YouTube,wnSPzx93-UU,https://youtu.be/wnSPzx93-UU,long-form,2026-07-15T15:33:00-04:00,organic,56,7,0.9,466,,10.7,0,1,,,0,"YouTube search 42.9%; Browse features 28.6%; channel pages 14.3%; external 14.3%. Processed impressions funnel: 56 impressions, 10.7% CTR, 6 views, 8:54 average view duration, and 0.89 watch hours.","Seven-day snapshot. Totals remained 7 views and 0.9 watch hours with 7:46 average view duration and 5 unique viewers; two days of unique-viewer data were still processing. YouTube revised visible impressions from the prior 57 to 56. No subscriber gain, no audience-retention report, and 0 realtime views in the prior 48 hours."
2026-07-21T11:40:44-04:00,ambient-seasons-001,YouTube,G40Zqib4exI,https://www.youtube.com/shorts/G40Zqib4exI,short-form,2026-07-15,organic,,9,,,,,,0,,,,,"Seven-day snapshot. The autumn Short remained at 9 views with no subscriber gain, insufficient retention data, and 0 realtime views in the prior 48 hours."
2026-07-21T11:40:44-04:00,ambient-seasons-001,YouTube,rm_ATRZYTGw,https://www.youtube.com/shorts/rm_ATRZYTGw,short-form,2026-07-16,organic,,5,,,,,,0,,,0,"YouTube search 100% of the single realtime view; no Shorts-feed traffic was shown.","Seven-day snapshot. The summer Short remained at 5 views with no subscriber gain and insufficient retention data; it had 1 realtime Search view in the prior 48 hours."
2026-07-21T11:40:44-04:00,ambient-seasons-001,Instagram,Da0_55tBs3r,https://www.instagram.com/verse.videos/reel/Da0_55tBs3r/,short-form,2026-07-15,organic,,109,,,,,3,0,0,2,0,"100% of views and interactions from non-followers.","Seven-day snapshot unchanged: 98 accounts reached, 5 interactions, 3 engaged accounts, 3 likes, 2 saves, 0 comments, 0 shares, 0 profile activity, and 0 follows. Watch/retention and click metrics were not exposed."
2026-07-21T11:40:44-04:00,ambient-seasons-001,Instagram,Da3C-jiBmo_,https://www.instagram.com/verse.videos/reel/Da3C-jiBmo_/,short-form,2026-07-16,organic,,111,,,,,3,0,0,0,0,"100% of views from non-followers.","Seven-day snapshot unchanged: 101 accounts reached, 3 interactions and 3 engaged accounts, 3 likes, 0 comments, 0 saves, 0 shares, 0 profile activity, and 0 follows. Watch/retention and click metrics were not exposed."
2026-07-21T11:40:44-04:00,ambient-seasons-001,Instagram,Da8x74gCXO7,https://www.instagram.com/verse.videos/reel/Da8x74gCXO7/,short-form,2026-07-18T17:41:00-04:00,organic,,114,,,,,3,0,0,1,0,"100% of views from non-followers.","Seven-day campaign snapshot, roughly 66 hours after publication. Reached 102 accounts; 4 interactions from 4 engaged accounts: 3 likes, 1 save, 0 comments, and 0 shares. Profile activity and follows remained 0; watch/retention and click metrics were not exposed."
2026-07-21T11:40:44-04:00,ambient-seasons-001,TikTok,7662865678336150802,https://www.tiktok.com/@verse_vids/video/7662865678336150802,short-form,2026-07-15T17:12:00-04:00,organic,,96,,,,,4,0,,,,,"TikTok Studio seven-day snapshot unchanged at 96 views, 4 likes, and 0 comments. Retention, favorites, shares, profile activity, follows, and clicks were not exposed."
2026-07-21T11:40:44-04:00,ambient-seasons-001,TikTok,7663160747505077512,https://www.tiktok.com/@verse_vids/video/7663160747505077512,short-form,2026-07-16T12:17:00-04:00,organic,,95,,,,,1,0,,,,,"TikTok Studio seven-day snapshot unchanged at 95 views, 1 like, and 0 comments. Retention, profile activity, follows, and clicks were not exposed."
2026-07-21T11:40:44-04:00,ambient-seasons-001,TikTok,7662867180295376146,https://www.tiktok.com/@verse_vids/video/7662867180295376146,short-form,2026-07-18T17:35:00-04:00,organic,,0,,,,,0,0,0,0,,,"TikTok Studio still showed 0 views, 0 likes, and 0 comments roughly 66 hours after publication. The zero persists while the same excerpt reached 102 accounts on Instagram, supporting a platform-specific delivery anomaly. Retention, profile activity, follows, and clicks were not exposed."
2026-07-21T11:40:44-04:00,ambient-seasons-001,X,2077496794011877591,https://x.com/verse_vids/status/2077496794011877591,short-form,2026-07-15T16:53:00-04:00,organic,,29,,,,,1,0,2,0,,,"Seven-day public snapshot. The launch post rose from 28 to 29 views and remained at 2 reposts, 1 like, 0 replies, and 0 bookmarks. Link clicks and deeper analytics remained unavailable."
2026-07-21T11:40:44-04:00,ambient-seasons-001,X,2077788569079365769,https://x.com/verse_vids/status/2077788569079365769,short-form,2026-07-16T12:12:00-04:00,organic,,13,,,,,2,0,1,0,,,"Seven-day public snapshot. The autumn post rose from 12 to 13 views and remained at 1 repost, 2 likes, 0 replies, and 0 bookmarks. Link clicks and deeper analytics remained unavailable."
2026-07-21T11:40:44-04:00,ambient-seasons-001,X,2078586859534557501,https://x.com/verse_vids/status/2078586859534557501,short-form,2026-07-18T17:05:00-04:00,organic,,5,,,,,0,0,0,0,,,"Seven-day campaign snapshot. The snowy post rose from 4 to 5 views with 0 replies, 0 reposts, 0 likes, and 0 bookmarks. Link clicks and deeper analytics remained unavailable."
2026-07-22T11:38:15-04:00,ambient-seasons-001,YouTube,wnSPzx93-UU,https://youtu.be/wnSPzx93-UU,long-form,2026-07-15T15:33:00-04:00,organic,,9,,,,,0,0,,,,,"Public watch-page snapshot. Views rose from 7 at the seven-day Studio snapshot to 9; likes remained 0 and the channel remained at 1 subscriber. YouTube Studio returned an error in both available authenticated browser surfaces, so current watch time, average view duration, retention, impressions, CTR, traffic sources, and attributable subscriber movement were unavailable and were not inferred."
2026-07-22T11:38:15-04:00,ambient-seasons-001,Instagram,Da8x74gCXO7,https://www.instagram.com/verse.videos/reel/Da8x74gCXO7/,short-form,2026-07-18T17:41:00-04:00,organic,,114,,,,,3,0,0,1,0,"100% of views from non-followers.","Authenticated Reel insights were unchanged: 102 accounts reached, 4 interactions from 4 engaged accounts, 3 likes, 1 save, 0 comments, 0 shares, 0 profile activity, and 0 follows. Watch/retention and click metrics were not exposed."
2026-07-22T11:38:15-04:00,ambient-seasons-001,TikTok,7662867180295376146,https://www.tiktok.com/@verse_vids/video/7662867180295376146,short-form,2026-07-18T17:35:00-04:00,organic,,0,,,,,0,0,0,0,,,"Authenticated public-post snapshot remained at 0 likes, 0 comments, 0 favorites, and 0 shares; the latest trustworthy Studio view count remains 0. Retention, profile activity, follows, and clicks were unavailable."
2026-07-22T11:38:15-04:00,ambient-seasons-001,X,2077496794011877591,https://x.com/verse_vids/status/2077496794011877591,short-form,2026-07-15T16:53:00-04:00,organic,,30,,,,,1,0,2,0,,,"Public snapshot. The launch post rose from 29 to 30 views and remained at 2 reposts, 1 like, 0 replies, and 0 bookmarks. Link clicks and deeper analytics remained unavailable."
2026-07-22T11:38:15-04:00,ambient-seasons-001,X,2077788569079365769,https://x.com/verse_vids/status/2077788569079365769,short-form,2026-07-16T12:12:00-04:00,organic,,15,,,,,2,0,1,0,,,"Public snapshot. The autumn post rose from 13 to 15 views and remained at 1 repost, 2 likes, 0 replies, and 0 bookmarks. Link clicks and deeper analytics remained unavailable."
2026-07-22T11:38:15-04:00,ambient-seasons-001,X,2078586859534557501,https://x.com/verse_vids/status/2078586859534557501,short-form,2026-07-18T17:05:00-04:00,organic,,7,,,,,0,0,0,0,,,"Public snapshot. The snowy post rose from 5 to 7 views and remained at 0 replies, 0 reposts, 0 likes, and 0 bookmarks. Link clicks and deeper analytics remained unavailable."
2026-07-22T11:39:06-04:00,ambient-seasons-001,X,2077496794011877591,https://x.com/verse_vids/status/2077496794011877591,short-form,2026-07-15T16:53:00-04:00,organic,,31,,,,,1,0,2,0,,,"Follow-up public snapshot. The launch post rose from 30 to 31 views and remained at 2 reposts, 1 like, 0 replies, and 0 bookmarks. Link clicks and deeper analytics remained unavailable."
2026-07-23T11:39:17-04:00,ambient-seasons-001,YouTube,wnSPzx93-UU,https://youtu.be/wnSPzx93-UU,long-form,2026-07-15T15:33:00-04:00,organic,,14,,,,,0,0,,,,,"Public watch-page snapshot. Views rose from 9 to 14; likes remained 0 and the channel remained at 1 subscriber. YouTube Studio again returned an error in both authenticated browser surfaces, so current watch time, average view duration, retention, impressions, CTR, traffic sources, and attributable subscriber movement were unavailable and were not inferred. The last trustworthy watch-quality baseline remains 0.9 hours and 7:46 average view duration."
2026-07-23T11:39:17-04:00,ambient-seasons-001,Instagram,Da0_55tBs3r,https://www.instagram.com/verse.videos/reel/Da0_55tBs3r/,short-form,2026-07-15,organic,,109,,,,,3,0,0,2,0,"100% of views and interactions from non-followers.","Authenticated Reel insights unchanged: 98 accounts reached, 5 interactions from 3 engaged accounts, 3 likes, 2 saves, 0 comments, 0 shares, 0 profile activity, and 0 follows. Watch/retention and click metrics were not exposed."
2026-07-23T11:39:17-04:00,ambient-seasons-001,Instagram,Da3C-jiBmo_,https://www.instagram.com/verse.videos/reel/Da3C-jiBmo_/,short-form,2026-07-16,organic,,111,,,,,3,0,0,0,0,"100% of views from non-followers.","Authenticated Reel insights unchanged: 101 accounts reached, 3 interactions from 3 engaged accounts, 3 likes, 0 comments, 0 saves, 0 shares, 0 profile activity, and 0 follows. Watch/retention and click metrics were not exposed."
2026-07-23T11:39:17-04:00,ambient-seasons-001,Instagram,Da8x74gCXO7,https://www.instagram.com/verse.videos/reel/Da8x74gCXO7/,short-form,2026-07-18T17:41:00-04:00,organic,,114,,,,,3,0,0,1,0,"100% of views from non-followers.","Authenticated Reel insights unchanged: 102 accounts reached, 4 interactions from 4 engaged accounts, 3 likes, 1 save, 0 comments, 0 shares, 0 profile activity, and 0 follows. Watch/retention and click metrics were not exposed."
2026-07-23T11:39:17-04:00,ambient-seasons-001,TikTok,7662865678336150802,https://www.tiktok.com/@verse_vids/video/7662865678336150802,short-form,2026-07-15T17:12:00-04:00,organic,,96,,,,,4,0,,,,,"TikTok Studio post-list snapshot unchanged at 96 views, 4 likes, and 0 comments. Retention, profile activity, follows, clicks, favorites, and shares were not exposed."
2026-07-23T11:39:17-04:00,ambient-seasons-001,TikTok,7663160747505077512,https://www.tiktok.com/@verse_vids/video/7663160747505077512,short-form,2026-07-16T12:17:00-04:00,organic,,96,,,,,1,0,,,,,"TikTok Studio post-list snapshot. The autumn post rose from 95 to 96 views and remained at 1 like and 0 comments. Retention, profile activity, follows, clicks, favorites, and shares were not exposed."
2026-07-23T11:39:17-04:00,ambient-seasons-001,TikTok,7662867180295376146,https://www.tiktok.com/@verse_vids/video/7662867180295376146,short-form,2026-07-18T17:35:00-04:00,organic,,0,,,,,0,0,0,0,,,"TikTok Studio still showed 0 views, 0 likes, and 0 comments nearly five days after publication. The persistent zero while the same excerpt reached 102 accounts on Instagram continues to support a platform-specific delivery anomaly. Retention, profile activity, follows, and clicks were unavailable."
2026-07-23T11:39:17-04:00,ambient-seasons-001,X,2077496794011877591,https://x.com/verse_vids/status/2077496794011877591,short-form,2026-07-15T16:53:00-04:00,organic,,32,,,,,1,0,2,0,,,"Public snapshot. The launch post rose from 31 to 32 views and remained at 2 reposts, 1 like, 0 replies, and 0 bookmarks. Link clicks and deeper analytics remained unavailable."
2026-07-23T11:39:17-04:00,ambient-seasons-001,X,2077788569079365769,https://x.com/verse_vids/status/2077788569079365769,short-form,2026-07-16T12:12:00-04:00,organic,,16,,,,,2,0,1,0,,,"Public snapshot. The autumn post rose from 15 to 16 views and remained at 1 repost, 2 likes, 0 replies, and 0 bookmarks. Link clicks and deeper analytics remained unavailable."
2026-07-23T11:39:17-04:00,ambient-seasons-001,X,2078586859534557501,https://x.com/verse_vids/status/2078586859534557501,short-form,2026-07-18T17:05:00-04:00,organic,,8,,,,,0,0,0,0,,,"Public snapshot. The snowy post rose from 7 to 8 views and remained at 0 replies, 0 reposts, 0 likes, and 0 bookmarks. Link clicks and deeper analytics remained unavailable."
2026-07-24T11:37:48-04:00,ambient-seasons-001,YouTube,wnSPzx93-UU,https://youtu.be/wnSPzx93-UU,long-form,2026-07-15T15:33:00-04:00,organic,,17,,,,,0,0,,,,,"Public watch-page snapshot. Views rose from 14 to 17; likes remained 0 and the channel remained at 1 subscriber. YouTube Studio again returned an error, so current watch time, average view duration, retention, impressions, CTR, traffic sources, and attributable subscriber movement were unavailable and were not inferred. The last trustworthy watch-quality baseline remains 0.9 hours and 7:46 average view duration."
2026-07-24T11:37:48-04:00,ambient-seasons-001,YouTube,G40Zqib4exI,https://www.youtube.com/shorts/G40Zqib4exI,short-form,2026-07-15,organic,,10,,,,,,0,,,,,"Public channel snapshot. The autumn Short rose from the last recorded 9 to 10 views. Studio retention, engagement, and subscriber-attribution fields were unavailable."
2026-07-24T11:37:48-04:00,ambient-seasons-001,YouTube,rm_ATRZYTGw,https://www.youtube.com/shorts/rm_ATRZYTGw,short-form,2026-07-16,organic,,7,,,,,,0,,,,,"Public channel snapshot. The summer Short rose from the last recorded 5 to 7 views. Studio retention, engagement, and subscriber-attribution fields were unavailable."
2026-07-24T11:37:48-04:00,ambient-seasons-001,Instagram,Da0_55tBs3r,https://www.instagram.com/verse.videos/reel/Da0_55tBs3r/,short-form,2026-07-15,organic,,109,,,,,3,0,0,2,0,"100% of views and interactions from non-followers.","Authenticated Reel observation unchanged: 98 accounts reached, 3 likes, 2 saves, 0 comments, 0 shares, 0 profile activity, and 0 follows. Watch/retention and click metrics were not exposed."
2026-07-24T11:37:48-04:00,ambient-seasons-001,Instagram,Da3C-jiBmo_,https://www.instagram.com/verse.videos/reel/Da3C-jiBmo_/,short-form,2026-07-16,organic,,111,,,,,3,0,0,0,0,"100% of views from non-followers.","Authenticated Reel observation unchanged: 101 accounts reached, 3 likes, 0 comments, 0 saves, 0 shares, 0 profile activity, and 0 follows. Watch/retention and click metrics were not exposed."
2026-07-24T11:37:48-04:00,ambient-seasons-001,Instagram,Da8x74gCXO7,https://www.instagram.com/verse.videos/reel/Da8x74gCXO7/,short-form,2026-07-18T17:41:00-04:00,organic,,114,,,,,3,0,0,1,0,"100% of views from non-followers.","Authenticated Reel insights unchanged: 102 accounts reached, 4 interactions, 3 likes, 1 save, 0 comments, 0 shares, 0 profile activity, and 0 follows. Watch/retention and click metrics were not exposed."
2026-07-24T11:37:48-04:00,ambient-seasons-001,TikTok,7662865678336150802,https://www.tiktok.com/@verse_vids/video/7662865678336150802,short-form,2026-07-15T17:12:00-04:00,organic,,96,,,,,4,0,,,,,"Authenticated profile snapshot unchanged at 96 views. The last trustworthy Studio engagement count remains 4 likes and 0 comments; retention, profile activity, follows, clicks, favorites, and shares were not exposed."
2026-07-24T11:37:48-04:00,ambient-seasons-001,TikTok,7663160747505077512,https://www.tiktok.com/@verse_vids/video/7663160747505077512,short-form,2026-07-16T12:17:00-04:00,organic,,96,,,,,1,0,,,,,"Authenticated profile snapshot unchanged at 96 views. The last trustworthy Studio engagement count remains 1 like and 0 comments; retention, profile activity, follows, clicks, favorites, and shares were not exposed."
2026-07-24T11:37:48-04:00,ambient-seasons-001,TikTok,7662867180295376146,https://www.tiktok.com/@verse_vids/video/7662867180295376146,short-form,2026-07-18T17:35:00-04:00,organic,,0,,,,,0,0,0,0,,,"Authenticated profile snapshot still showed 0 views. The persistent zero while the same excerpt reached 102 accounts on Instagram continues to support a platform-specific delivery anomaly; retention, profile activity, follows, and clicks were unavailable."
2026-07-24T11:37:48-04:00,ambient-seasons-001,X,2077496794011877591,https://x.com/verse_vids/status/2077496794011877591,short-form,2026-07-15T16:53:00-04:00,organic,,35,,,,,2,0,2,0,,,"Public snapshot. The launch post rose from 32 to 35 views and now showed 2 likes, 2 reposts, 0 replies, and 0 bookmarks. Link clicks and deeper analytics remained unavailable."
2026-07-24T11:37:48-04:00,ambient-seasons-001,X,2077788569079365769,https://x.com/verse_vids/status/2077788569079365769,short-form,2026-07-16T12:12:00-04:00,organic,,17,,,,,2,0,1,0,,,"Public snapshot. The autumn post rose from 16 to 17 views and remained at 1 repost, 2 likes, 0 replies, and 0 bookmarks. Link clicks and deeper analytics remained unavailable."
2026-07-24T11:37:48-04:00,ambient-seasons-001,X,2078586859534557501,https://x.com/verse_vids/status/2078586859534557501,short-form,2026-07-18T17:05:00-04:00,organic,,10,,,,,0,0,0,0,,,"Public snapshot. The snowy post rose from 8 to 10 views and remained at 0 replies, 0 reposts, 0 likes, and 0 bookmarks. Link clicks and deeper analytics remained unavailable."
2026-07-25T12:06:01-04:00,ambient-seasons-001,YouTube,wnSPzx93-UU,https://youtu.be/wnSPzx93-UU,long-form,2026-07-15T15:33:00-04:00,organic,,21,,,,,0,0,,,,,"Public watch-page snapshot. Views rose from 17 to 21; likes remained 0 and the channel remained at 1 subscriber. Current watch time, average view duration, retention, impressions, CTR, traffic sources, and attributable subscriber movement were unavailable; the last trustworthy watch-quality baseline remains 0.9 hours and 7:46 average view duration."
2026-07-25T12:06:01-04:00,ambient-seasons-001,Instagram,Da0_55tBs3r,https://www.instagram.com/verse.videos/reel/Da0_55tBs3r/,short-form,2026-07-15,organic,,109,,,,,3,0,0,2,0,"Last trustworthy insights baseline: 100% of views and interactions from non-followers.","Authenticated public post still showed 3 likes and no comments. Current reach, saves, retention, profile activity, follows, and clicks were unavailable, so the last trustworthy insights baseline remains 109 views, 98 accounts reached, 2 saves, 0 profile activity, and 0 follows."
2026-07-25T12:06:01-04:00,ambient-seasons-001,Instagram,Da3C-jiBmo_,https://www.instagram.com/verse.videos/reel/Da3C-jiBmo_/,short-form,2026-07-16,organic,,111,,,,,3,0,0,0,0,"Last trustworthy insights baseline: 100% of views from non-followers.","Authenticated public post still showed 3 likes and no comments. Current reach, saves, retention, profile activity, follows, and clicks were unavailable; the last trustworthy insights baseline remains 111 views and 101 accounts reached."
2026-07-25T12:06:01-04:00,ambient-seasons-001,Instagram,Da8x74gCXO7,https://www.instagram.com/verse.videos/reel/Da8x74gCXO7/,short-form,2026-07-18T17:41:00-04:00,organic,,114,,,,,3,0,0,1,0,"Last trustworthy insights baseline: 100% of views from non-followers.","Authenticated public post still showed 3 likes and no comments. Current reach, saves, retention, profile activity, follows, and clicks were unavailable; the last trustworthy insights baseline remains 114 views, 102 accounts reached, 1 save, 0 profile activity, and 0 follows."
2026-07-25T12:06:01-04:00,ambient-seasons-001,TikTok,7662865678336150802,https://www.tiktok.com/@verse_vids/video/7662865678336150802,short-form,2026-07-15T17:12:00-04:00,organic,,96,,,,,4,0,,,,,"TikTok did not return a readable authenticated metric surface in this run. The last trustworthy Studio snapshot remains 96 views, 4 likes, and 0 comments; no current retention, profile activity, follows, clicks, favorites, or shares were inferred."
2026-07-25T12:06:01-04:00,ambient-seasons-001,TikTok,7663160747505077512,https://www.tiktok.com/@verse_vids/video/7663160747505077512,short-form,2026-07-16T12:17:00-04:00,organic,,96,,,,,1,0,0,1,,,"TikTok did not return a readable authenticated metric surface in this run. The last trustworthy snapshot remains 96 views, 1 like, 0 comments, 1 favorite, and 0 shares; no current retention, profile activity, follows, or clicks were inferred."
2026-07-25T12:06:01-04:00,ambient-seasons-001,TikTok,7662867180295376146,https://www.tiktok.com/@verse_vids/video/7662867180295376146,short-form,2026-07-18T17:35:00-04:00,organic,,0,,,,,0,0,0,0,,,"TikTok did not return a readable authenticated metric surface in this run. The last trustworthy Studio snapshot remains 0 views, 0 likes, and 0 comments; the persistent zero is still treated as a delivery anomaly, not a creative result."
2026-07-25T12:06:01-04:00,ambient-seasons-001,X,2077496794011877591,https://x.com/verse_vids/status/2077496794011877591,short-form,2026-07-15T16:53:00-04:00,organic,36,36,,,,,3,0,2,0,,,"Authenticated analytics: 26 engagements, 18 detail expands, 1 profile visit, 0 link clicks, 6 unique video viewers, and 23 video views. Audience retention was approximately 70% at 6s, 48% at 12s, and 30% at 18s and 24s. Public views rose from 35 to 36 and likes from 2 to 3."
2026-07-25T12:06:01-04:00,ambient-seasons-001,X,2077788569079365769,https://x.com/verse_vids/status/2077788569079365769,short-form,2026-07-16T12:12:00-04:00,organic,19,19,,,,,2,0,1,0,,,"Authenticated public snapshot. Views rose from 17 to 19 and remained at 1 repost, 2 likes, and 0 replies. The analytics dialog did not finish exposing deeper metrics, so link clicks and retention were not inferred."
2026-07-25T12:06:01-04:00,ambient-seasons-001,X,2078586859534557501,https://x.com/verse_vids/status/2078586859534557501,short-form,2026-07-18T17:05:00-04:00,organic,13,12,,,,,0,0,0,0,,,"Authenticated analytics: 13 impressions, 4 engagements, 4 detail expands, 0 profile visits, 0 link clicks, 1 unique video viewer, and 8 video views. Retention was approximately 75% at 6s, 25% at 12s, and 13% at 18s and 24s. Public views rose from 10 to 12 with no engagement."
2026-07-25T12:22:58-04:00,ambient-seasons-001,YouTube,wnSPzx93-UU,https://youtu.be/wnSPzx93-UU,long-form,2026-07-15T15:33:00-04:00,organic,,21,,,,,,,0,0,,,"Public watch-page snapshot unchanged from 12:06 at 21 views and 1 channel subscriber. YouTube Studio again failed to expose current watch time, retention, impressions, CTR, traffic sources, likes, comments, clicks, or attributable subscriber movement; the last trustworthy viewing-quality baseline remains 0.9 watch hours and 7:46 average view duration."
2026-07-25T12:22:58-04:00,ambient-seasons-001,YouTube,G40Zqib4exI,https://www.youtube.com/shorts/G40Zqib4exI,short-form,2026-07-15,organic,,10,,,,,,0,,,,,"The current Shorts view total and Studio retention fields were not exposed in this run. The last trustworthy public baseline remains 10 views; no current engagement, subscriber attribution, related-video clicks, or retention was inferred."
2026-07-25T12:22:58-04:00,ambient-seasons-001,YouTube,rm_ATRZYTGw,https://www.youtube.com/shorts/rm_ATRZYTGw,short-form,2026-07-16,organic,,7,,,,,,0,,,,,"The current Shorts view total and Studio retention fields were not exposed in this run. The last trustworthy public baseline remains 7 views; no current engagement, subscriber attribution, related-video clicks, or retention was inferred."
2026-07-25T12:22:58-04:00,ambient-seasons-001,Instagram,Da0_55tBs3r,https://www.instagram.com/verse.videos/reel/Da0_55tBs3r/,short-form,2026-07-15,organic,,110,,,,,3,0,0,2,0,"100% of views and interactions from non-followers.","Authenticated Reel insights: views rose from 109 to 110; accounts reached remained 98. The Reel retained 5 interactions, 3 likes, 2 saves, 0 comments, 0 shares, 3 accounts engaged, 0 profile activity, and 0 follows. Watch/retention and click metrics were not exposed."
2026-07-25T12:22:58-04:00,ambient-seasons-001,Instagram,Da3C-jiBmo_,https://www.instagram.com/verse.videos/reel/Da3C-jiBmo_/,short-form,2026-07-16,organic,,111,,,,,3,0,0,0,0,"100% of views from non-followers.","Authenticated Reel insights unchanged: 101 accounts reached, 3 interactions, 3 likes, 0 comments, 0 saves, 0 shares, 3 accounts engaged, 0 profile activity, and 0 follows. Watch/retention and click metrics were not exposed."
2026-07-25T12:22:58-04:00,ambient-seasons-001,Instagram,Da8x74gCXO7,https://www.instagram.com/verse.videos/reel/Da8x74gCXO7/,short-form,2026-07-18T17:41:00-04:00,organic,,114,,,,,3,0,0,1,0,"100% of views from non-followers.","Authenticated Reel insights unchanged: 102 accounts reached, 4 interactions, 3 likes, 1 save, 0 comments, 0 shares, 4 accounts engaged, 0 profile activity, and 0 follows. Watch/retention and click metrics were not exposed."
2026-07-25T12:22:58-04:00,ambient-seasons-001,TikTok,7662865678336150802,https://www.tiktok.com/@verse_vids/video/7662865678336150802,short-form,2026-07-15T17:12:00-04:00,organic,,96,,,,,4,0,,,,,"Authenticated profile snapshot unchanged at 96 views. The last trustworthy Studio engagement count remains 4 likes and 0 comments; retention, profile activity, follows, clicks, favorites, and shares were not exposed."
2026-07-25T12:22:58-04:00,ambient-seasons-001,TikTok,7663160747505077512,https://www.tiktok.com/@verse_vids/video/7663160747505077512,short-form,2026-07-16T12:17:00-04:00,organic,,96,,,,,1,0,0,1,,,"Authenticated profile snapshot unchanged at 96 views. The last trustworthy Studio snapshot remains 1 like, 0 comments, 1 favorite, and 0 shares; retention, profile activity, follows, and clicks were not exposed."
2026-07-25T12:22:58-04:00,ambient-seasons-001,TikTok,7662867180295376146,https://www.tiktok.com/@verse_vids/video/7662867180295376146,short-form,2026-07-18T17:35:00-04:00,organic,,0,,,,,0,0,0,0,,,"Authenticated profile snapshot still showed 0 views. The persistent zero while the same excerpt reached 102 accounts on Instagram continues to support a platform-specific delivery anomaly; retention, profile activity, follows, and clicks were unavailable."
2026-07-25T12:22:58-04:00,ambient-seasons-001,X,2077496794011877591,https://x.com/verse_vids/status/2077496794011877591,short-form,2026-07-15T16:53:00-04:00,organic,36,36,,,,,3,0,2,0,,,"Authenticated public snapshot unchanged at 36 views after the 12:06 detailed analytics read. The post retained 3 likes, 2 reposts, and 0 replies; the latest trustworthy deeper metrics remain 26 engagements, 18 detail expands, 1 profile visit, 0 link clicks, and roughly 30% completion."
2026-07-25T12:22:58-04:00,ambient-seasons-001,X,2077788569079365769,https://x.com/verse_vids/status/2077788569079365769,short-form,2026-07-16T12:12:00-04:00,organic,,20,,,,,2,0,1,0,,,"Authenticated public snapshot rose from 19 to 20 views and remained at 1 repost, 2 likes, and 0 replies. Link clicks and retention were not exposed."
2026-07-25T12:22:58-04:00,ambient-seasons-001,X,2078586859534557501,https://x.com/verse_vids/status/2078586859534557501,short-form,2026-07-18T17:05:00-04:00,organic,13,13,,,,,0,0,0,0,,,"Authenticated public snapshot rose from 12 to 13 views and retained 0 replies, reposts, likes, and bookmarks. The latest trustworthy deeper metrics remain 13 impressions, 4 detail expands, 0 profile visits, 0 link clicks, and roughly 13% completion."
2026-07-29T11:38:51-04:00,ambient-seasons-001,YouTube,wnSPzx93-UU,https://youtu.be/wnSPzx93-UU,long-form,2026-07-15T15:33:00-04:00,organic,,38,,,,,0,0,,,,,"Public watch-page snapshot. Views rose from 21 to 38 and the channel remained at 1 subscriber. YouTube Studio loaded without a readable analytics panel, so current watch time, retention, impressions, CTR, traffic sources, and attributable subscriber movement were unavailable. The last trustworthy viewing-quality baseline remains 0.9 watch hours and 7:46 average view duration."
2026-07-29T11:38:51-04:00,ambient-seasons-001,YouTube,G40Zqib4exI,https://www.youtube.com/shorts/G40Zqib4exI,short-form,2026-07-15,organic,,10,,,,,,0,,,,,"The public Short loaded but did not expose a readable view total in this browser run; Studio also remained unreadable. The last trustworthy baseline remains 10 views, with no current retention, engagement, subscriber attribution, or related-video clicks inferred."
2026-07-29T11:38:51-04:00,ambient-seasons-001,YouTube,rm_ATRZYTGw,https://www.youtube.com/shorts/rm_ATRZYTGw,short-form,2026-07-16,organic,,7,,,,,,0,,,,,"The public Short loaded but did not expose a readable view total in this browser run; Studio also remained unreadable. The last trustworthy baseline remains 7 views, with no current retention, engagement, subscriber attribution, or related-video clicks inferred."
2026-07-29T11:38:51-04:00,ambient-seasons-001,Instagram,Da0_55tBs3r,https://www.instagram.com/verse.videos/reel/Da0_55tBs3r/,short-form,2026-07-15,organic,,110,,,,,3,0,0,2,0,"Last trustworthy insights baseline: 100% of views and interactions from non-followers.","Neither available browser surface had an authenticated Instagram session. The public Reel still showed no comments, but current views, reach, saves, profile activity, follows, retention, and clicks were unavailable; the 2026-07-25 authenticated baseline is retained and not inferred as current."
2026-07-29T11:38:51-04:00,ambient-seasons-001,Instagram,Da3C-jiBmo_,https://www.instagram.com/verse.videos/reel/Da3C-jiBmo_/,short-form,2026-07-16,organic,,111,,,,,3,0,0,0,0,"Last trustworthy insights baseline: 100% of views from non-followers.","Neither available browser surface had an authenticated Instagram session. The public Reel still showed no comments; all other values are the last trustworthy 2026-07-25 baseline, not a current inference."
2026-07-29T11:38:51-04:00,ambient-seasons-001,Instagram,Da8x74gCXO7,https://www.instagram.com/verse.videos/reel/Da8x74gCXO7/,short-form,2026-07-18T17:41:00-04:00,organic,,114,,,,,3,0,0,1,0,"Last trustworthy insights baseline: 100% of views from non-followers.","Neither available browser surface had an authenticated Instagram session. The public Reel still showed no comments; all other values are the last trustworthy 2026-07-25 baseline, not a current inference."
2026-07-29T11:38:51-04:00,ambient-seasons-001,TikTok,7662865678336150802,https://www.tiktok.com/@verse_vids/video/7662865678336150802,short-form,2026-07-15T17:12:00-04:00,organic,,96,,,,,4,0,,,,,"TikTok pages did not expose a readable authenticated metric surface and intermittently failed to load. The last trustworthy Studio baseline remains 96 views, 4 likes, and 0 comments; retention, profile activity, follows, clicks, favorites, and shares were not inferred."
2026-07-29T11:38:51-04:00,ambient-seasons-001,TikTok,7663160747505077512,https://www.tiktok.com/@verse_vids/video/7663160747505077512,short-form,2026-07-16T12:17:00-04:00,organic,,96,,,,,1,0,0,1,,,"TikTok pages did not expose a readable authenticated metric surface and intermittently failed to load. The last trustworthy Studio baseline remains 96 views, 1 like, 0 comments, 1 favorite, and 0 shares; retention, profile activity, follows, and clicks were not inferred."
2026-07-29T11:38:51-04:00,ambient-seasons-001,TikTok,7662867180295376146,https://www.tiktok.com/@verse_vids/video/7662867180295376146,short-form,2026-07-18T17:35:00-04:00,organic,,0,,,,,0,0,0,0,,,"TikTok pages did not expose a readable authenticated metric surface and intermittently failed to load. The last trustworthy Studio baseline remains 0 views, 0 likes, and 0 comments; the persistent zero remains classified as a delivery anomaly rather than a creative result."
2026-07-29T11:38:51-04:00,ambient-seasons-001,X,2077496794011877591,https://x.com/verse_vids/status/2077496794011877591,short-form,2026-07-15T16:53:00-04:00,organic,,37,,,,,3,0,2,0,,,"Authenticated public snapshot rose from 36 to 37 views and retained 3 likes, 2 reposts, 0 replies, and 0 bookmarks. The active X account was not the Verse account, so deeper post analytics were not available; the last trustworthy detailed baseline remains 26 engagements, 18 detail expands, 1 profile visit, 0 link clicks, and roughly 30% completion."
2026-07-29T11:38:51-04:00,ambient-seasons-001,X,2077788569079365769,https://x.com/verse_vids/status/2077788569079365769,short-form,2026-07-16T12:12:00-04:00,organic,,22,,,,,2,0,1,0,,,"Authenticated public snapshot rose from 20 to 22 views and retained 2 likes, 1 repost, 0 replies, and 0 bookmarks. Deeper analytics and link clicks were unavailable."
2026-07-29T11:38:51-04:00,ambient-seasons-001,X,2078586859534557501,https://x.com/verse_vids/status/2078586859534557501,short-form,2026-07-18T17:05:00-04:00,organic,,17,,,,,0,0,0,0,,,"Authenticated public snapshot rose from 13 to 17 views and retained 0 replies, reposts, likes, and bookmarks. The last trustworthy detailed baseline remains 13 impressions, 4 detail expands, 0 profile visits, 0 link clicks, and roughly 13% completion."
